<?xml version="1.0" encoding="utf-8"?>
<!--/1117826/462196/2.49/4/4/Connector/-->
<quadcept_library>
  <setting unit="mil" />
  <textstyle name="Default" height="47.244094488189" strokewidth="7.8740157480315" charwidth="47.244094488189" />
  <textstyle name="Dimension" height="19.6850393700787" strokewidth="0" charwidth="19.6850393700787" />
  <textstyle name="H127W0635TH00762" height="50" strokewidth="3" charwidth="25" />
  <textstyle name="H15W15TH02" height="59.0551181102362" strokewidth="7.8740157480315" charwidth="59.0551181102362" />
  <padstyle name="c165_h111" surface="False" plated="True" isvia="False" nopaste="True" nomask="True" complex="False" holesize="43.700787401574">
    <padshape layer="TOP" shape="round" width="64.960629921259" height="64.960629921259" />
    <padshape layer="TOP_SOLDER_MASK" shape="round" width="72.83464566929" height="72.83464566929" />
    <padshape layer="INNER" shape="round" width="64.960629921259" height="64.960629921259" />
    <padshape layer="BOTTOM" shape="round" width="64.960629921259" height="64.960629921259" />
    <padshape layer="BOTTOM_SOLDER_MASK" shape="round" width="72.83464566929" height="72.83464566929" />
  </padstyle>
  <padstyle name="c51_h102" surface="False" plated="True" isvia="False" nopaste="True" nomask="True" complex="False" holesize="40.15748031496">
    <padshape layer="TOP" shape="round" width="20.07874015748" height="20.07874015748" />
    <padshape layer="TOP_SOLDER_MASK" shape="round" width="27.952755905511" height="27.952755905511" />
    <padshape layer="INNER" shape="round" width="20.07874015748" height="20.07874015748" />
    <padshape layer="BOTTOM" shape="round" width="20.07874015748" height="20.07874015748" />
    <padshape layer="BOTTOM_SOLDER_MASK" shape="round" width="27.952755905511" height="27.952755905511" />
  </padstyle>
  <footprint name="44914-0401" originx="0" originy="0" pickpointx="0" pickpointy="0">
    <pcbpin number="1" name="1" style="c165_h111" originx="0" originy="0" rotation="90" />
    <pcbpin number="2" name="2" style="c165_h111" originx="-118.11023622047" originy="0" rotation="90" />
    <pcbpin number="3" name="3" style="c165_h111" originx="0" originy="118.11023622047" rotation="90" />
    <pcbpin number="4" name="4" style="c165_h111" originx="-118.11023622047" originy="118.11023622047" rotation="90" />
    <pcbpin number="5" name="5" style="c51_h102" originx="118.11023622047" originy="155.11811023622" rotation="90" />
    <pcbpin number="6" name="6" style="c51_h102" originx="-236.22047244094" originy="155.11811023622" rotation="90" />
    <line layer="TOP_ASSEMBLY" originx="-258.85826771653" originy="204.72440944882" endx="140.74803149606" endy="204.72440944882" width="7.8740157480314" />
    <line layer="TOP_ASSEMBLY" originx="140.74803149606" originy="204.72440944882" endx="140.74803149606" endy="-86.614173228345" width="7.8740157480314" />
    <line layer="TOP_ASSEMBLY" originx="140.74803149606" originy="-86.614173228345" endx="-258.85826771653" endy="-86.614173228345" width="7.8740157480314" />
    <line layer="TOP_ASSEMBLY" originx="-258.85826771653" originy="-86.614173228345" endx="-258.85826771653" endy="204.72440944882" width="7.8740157480314" />
    <line layer="TOP_SILKSCREEN" originx="-258.85826771653" originy="204.72440944882" endx="140.74803149606" endy="204.72440944882" width="3.9370078740157" />
    <line layer="TOP_SILKSCREEN" originx="140.74803149606" originy="-86.614173228345" endx="-258.85826771653" endy="-86.614173228345" width="3.9370078740157" />
    <arc layer="TOP_SILKSCREEN" originx="-1.9685039370079" originy="-98.425196850392" startangle="180" sweepangle="180" radius="0" width="7.8740157480314" />
    <arc layer="TOP_SILKSCREEN" originx="-1.9685039370079" originy="-98.425196850392" startangle="180" sweepangle="-180" radius="0" width="7.8740157480314" />
    <line layer="TOP_PLACE_BOUND" originx="-306.10236220472" originy="251.968503937" endx="187.99212598425" endy="251.968503937" width="1.9685039370079" />
    <line layer="TOP_PLACE_BOUND" originx="187.99212598425" originy="251.968503937" endx="187.99212598425" endy="-141.73228346457" width="1.9685039370079" />
    <line layer="TOP_PLACE_BOUND" originx="187.99212598425" originy="-141.73228346457" endx="-306.10236220472" endy="-141.73228346457" width="1.9685039370079" />
    <line layer="TOP_PLACE_BOUND" originx="-306.10236220472" originy="-141.73228346457" endx="-306.10236220472" endy="251.968503937" width="1.9685039370079" />
  </footprint>
  <symbol name="44914-0401" originx="0" originy="0">
    <line originx="200" originy="100" endx="600" endy="100" width="0" />
    <line originx="600" originy="-200" endx="600" endy="100" width="0" />
    <line originx="600" originy="-200" endx="200" endy="-200" width="0" />
    <line originx="200" originy="100" endx="200" endy="-200" width="0" />
    <sympin number="1" originx="600" originy="-100" rotation="0" length="100" width="7.8740157480315" flipped="False">
      <text name="pinname" originx="570" originy="-100" style="Default" rotation="0" justify="right" flipped="False" hidden="False" data="1" />
      <text name="pindes" originx="660" originy="-80" style="Default" rotation="0" justify="lowerleft" flipped="False" hidden="False" data="1" />
    </sympin>
    <sympin number="2" originx="200" originy="-100" rotation="180" length="100" width="7.8740157480315" flipped="False">
      <text name="pinname" originx="230" originy="-100" style="Default" rotation="0" justify="left" flipped="False" hidden="False" data="2" />
      <text name="pindes" originx="140" originy="-80" style="Default" rotation="0" justify="lowerright" flipped="False" hidden="False" data="2" />
    </sympin>
    <sympin number="3" originx="600" originy="0" rotation="0" length="100" width="7.8740157480315" flipped="False">
      <text name="pinname" originx="570" originy="0" style="Default" rotation="0" justify="right" flipped="False" hidden="False" data="3" />
      <text name="pindes" originx="660" originy="20" style="Default" rotation="0" justify="lowerleft" flipped="False" hidden="False" data="3" />
    </sympin>
    <sympin number="4" originx="200" originy="0" rotation="180" length="100" width="7.8740157480315" flipped="False">
      <text name="pinname" originx="230" originy="0" style="Default" rotation="0" justify="left" flipped="False" hidden="False" data="4" />
      <text name="pindes" originx="140" originy="20" style="Default" rotation="0" justify="lowerright" flipped="False" hidden="False" data="4" />
    </sympin>
  </symbol>
  <component name="44914-0401" designatorprefix="J" height="0" footprint="44914-0401">
    <comppin designator="1" sympin="1" pinswap="0" gateswap="0" gate="1" group="1" side="" type="Any" name="1" />
    <comppin designator="2" sympin="2" pinswap="0" gateswap="0" gate="1" group="1" side="" type="Any" name="2" />
    <comppin designator="3" sympin="3" pinswap="0" gateswap="0" gate="1" group="1" side="" type="Any" name="3" />
    <comppin designator="4" sympin="4" pinswap="0" gateswap="0" gate="1" group="1" side="" type="Any" name="4" />
    <attached_symbol gate="1" name="44914-0401" />
    <pinmap designator="1" footprintpin="1" />
    <pinmap designator="2" footprintpin="2" />
    <pinmap designator="3" footprintpin="3" />
    <pinmap designator="4" footprintpin="4" />
    <text name="Datasheet" originx="0" originy="0" style="Default" rotation="0" justify="" flipped="False" hidden="True" data="https://www.molex.com/pdm_docs/sd/449140201_sd.pdf" />
    <text name="Description" originx="0" originy="0" style="Default" rotation="0" justify="" flipped="False" hidden="True" data="Micro-Fit CPI Header, Compliant Pin Interface, Dual Row, Vertical, 4 Circuits, Tin (Sn) Plating, Glow-Wire Capable" />
    <text name="Mouser Part Number" originx="0" originy="0" style="Default" rotation="0" justify="" flipped="False" hidden="True" data="538-44914-0401" />
    <text name="Mouser Price/Stock" originx="0" originy="0" style="Default" rotation="0" justify="" flipped="False" hidden="True" data="https://www.mouser.co.uk/ProductDetail/Molex/44914-0401?qs=A%252B%2FNCR0PvNXhdrzNhHXsvA%3D%3D" />
    <text name="Manufacturer_Name" originx="0" originy="0" style="Default" rotation="0" justify="" flipped="False" hidden="True" data="Molex" />
    <text name="Manufacturer_Part_Number" originx="650" originy="200" style="Default" rotation="0" justify="left" flipped="False" hidden="False" data="44914-0401" />
  </component>
</quadcept_library>
