<?xml version="1.0" encoding="utf-8"?>
<!--/2295389/462196/2.49/2/4/Capacitor/-->
<quadcept_library>
  <setting unit="mil" />
  <textstyle name="Default" height="47.244094488189" strokewidth="7.8740157480315" charwidth="47.244094488189" />
  <textstyle name="Dimension" height="19.6850393700787" strokewidth="0" charwidth="19.6850393700787" />
  <textstyle name="H127W0635TH00762" height="50" strokewidth="3" charwidth="25" />
  <textstyle name="H15W15TH02" height="59.0551181102362" strokewidth="7.8740157480315" charwidth="59.0551181102362" />
  <padstyle name="r157_110" surface="True" plated="False" isvia="False" nopaste="False" nomask="True" complex="False" holesize="0">
    <padshape layer="TOP" shape="rectangle" width="43.307086614173" height="61.811023622046" />
    <padshape layer="TOP_SOLDER_MASK" shape="rectangle" width="51.181102362204" height="69.685039370078" />
    <padshape layer="TOP_SOLDER_PASTE" shape="rectangle" width="43.307086614173" height="61.811023622046" />
  </padstyle>
  <footprint name="CAPC2012X100N" originx="0" originy="0" pickpointx="0" pickpointy="0">
    <pcbpin number="1" name="1" style="r157_110" originx="-31.889763779527" originy="0" rotation="0" />
    <pcbpin number="2" name="2" style="r157_110" originx="31.889763779527" originy="0" rotation="0" />
    <line layer="TOP_PLACE_BOUND" originx="-59.448818897637" originy="37.007874015748" endx="59.448818897637" endy="37.007874015748" width="1.9685039370079" />
    <line layer="TOP_PLACE_BOUND" originx="59.448818897637" originy="37.007874015748" endx="59.448818897637" endy="-37.007874015748" width="1.9685039370079" />
    <line layer="TOP_PLACE_BOUND" originx="59.448818897637" originy="-37.007874015748" endx="-59.448818897637" endy="-37.007874015748" width="1.9685039370079" />
    <line layer="TOP_PLACE_BOUND" originx="-59.448818897637" originy="-37.007874015748" endx="-59.448818897637" endy="37.007874015748" width="1.9685039370079" />
    <line layer="TOP_ASSEMBLY" originx="-39.370078740157" originy="24.606299212598" endx="39.370078740157" endy="24.606299212598" width="3.9370078740157" />
    <line layer="TOP_ASSEMBLY" originx="39.370078740157" originy="24.606299212598" endx="39.370078740157" endy="-24.606299212598" width="3.9370078740157" />
    <line layer="TOP_ASSEMBLY" originx="39.370078740157" originy="-24.606299212598" endx="-39.370078740157" endy="-24.606299212598" width="3.9370078740157" />
    <line layer="TOP_ASSEMBLY" originx="-39.370078740157" originy="-24.606299212598" endx="-39.370078740157" endy="24.606299212598" width="3.9370078740157" />
  </footprint>
  <symbol name="C0805X104K1RAC3316" originx="0" originy="0">
    <line originx="220" originy="100" endx="220" endy="-100" width="0" />
    <line originx="280" originy="100" endx="280" endy="-100" width="0" />
    <line originx="200" originy="0" endx="220" endy="0" width="0" />
    <line originx="280" originy="0" endx="300" endy="0" width="0" />
    <sympin number="1" originx="200" originy="0" rotation="180" length="100" width="7.8740157480315" flipped="False">
      <text name="pinname" originx="0" originy="-10" style="Default" rotation="0" justify="upperleft" flipped="False" hidden="True" data="1" />
      <text name="pindes" originx="0" originy="10" style="Default" rotation="0" justify="lowerleft" flipped="False" hidden="False" data="1" />
    </sympin>
    <sympin number="2" originx="300" originy="0" rotation="0" length="100" width="7.8740157480315" flipped="False">
      <text name="pinname" originx="500" originy="-10" style="Default" rotation="0" justify="upperright" flipped="False" hidden="True" data="2" />
      <text name="pindes" originx="500" originy="10" style="Default" rotation="0" justify="lowerright" flipped="False" hidden="False" data="2" />
    </sympin>
  </symbol>
  <component name="C0805X104K1RAC3316" designatorprefix="C" height="39.370078740157" footprint="CAPC2012X100N">
    <comppin designator="1" sympin="1" pinswap="0" gateswap="0" gate="1" group="1" side="" type="Any" name="1" />
    <comppin designator="2" sympin="2" pinswap="0" gateswap="0" gate="1" group="1" side="" type="Any" name="2" />
    <attached_symbol gate="1" name="C0805X104K1RAC3316" />
    <pinmap designator="1" footprintpin="1" />
    <pinmap designator="2" footprintpin="2" />
    <text name="Datasheet" originx="0" originy="0" style="Default" rotation="0" justify="" flipped="False" hidden="True" data="https://api.kemet.com/component-edge/download/datasheet/C0805X104K1RAC3316.pdf" />
    <text name="Description" originx="0" originy="0" style="Default" rotation="0" justify="" flipped="False" hidden="True" data="Multilayer Ceramic Capacitors MLCC - SMD/SMT 100V .1uF X7R AUTO 5mm Flex VW80808" />
    <text name="Mouser Part Number" originx="0" originy="0" style="Default" rotation="0" justify="" flipped="False" hidden="True" data="80-C0805X104K1R3316" />
    <text name="Mouser Price/Stock" originx="0" originy="0" style="Default" rotation="0" justify="" flipped="False" hidden="True" data="https://www.mouser.co.uk/ProductDetail/KEMET/C0805X104K1RAC3316/?qs=l7cgNqFNU1gwaeaoie4AnQ%3D%3D" />
    <text name="Manufacturer_Name" originx="0" originy="0" style="Default" rotation="0" justify="" flipped="False" hidden="True" data="Kemet" />
    <text name="Manufacturer_Part_Number" originx="350" originy="150" style="Default" rotation="0" justify="left" flipped="False" hidden="False" data="C0805X104K1RAC3316" />
  </component>
</quadcept_library>
