<?xml version="1.0" encoding="utf-8"?>
<!--/295734/462196/2.49/2/4/Loudspeaker or Buzzer/-->
<quadcept_library>
  <setting unit="mil" />
  <textstyle name="Default" height="47.244094488189" strokewidth="7.8740157480315" charwidth="47.244094488189" />
  <textstyle name="Dimension" height="19.6850393700787" strokewidth="0" charwidth="19.6850393700787" />
  <textstyle name="H127W0635TH00762" height="50" strokewidth="3" charwidth="25" />
  <textstyle name="H15W15TH02" height="59.0551181102362" strokewidth="7.8740157480315" charwidth="59.0551181102362" />
  <padstyle name="c135_h85" surface="False" plated="True" isvia="False" nopaste="True" nomask="True" complex="False" holesize="33.464566929133">
    <padshape layer="TOP" shape="round" width="53.149606299212" height="53.149606299212" />
    <padshape layer="TOP_SOLDER_MASK" shape="round" width="61.023622047243" height="61.023622047243" />
    <padshape layer="INNER" shape="round" width="53.149606299212" height="53.149606299212" />
    <padshape layer="BOTTOM" shape="round" width="53.149606299212" height="53.149606299212" />
    <padshape layer="BOTTOM_SOLDER_MASK" shape="round" width="61.023622047243" height="61.023622047243" />
  </padstyle>
  <footprint name="PS1240P02BT" originx="0" originy="0" pickpointx="0" pickpointy="0">
    <pcbpin number="1" name="1" style="c135_h85" originx="0" originy="98.425196850392" rotation="90" />
    <pcbpin number="2" name="2" style="c135_h85" originx="0" originy="-98.425196850392" rotation="90" />
    <arc layer="TOP_SILKSCREEN" originx="-240.15748031496" originy="0" startangle="180" sweepangle="180" radius="0" width="9.9999999999999" />
    <arc layer="TOP_SILKSCREEN" originx="-240.15748031496" originy="0" startangle="180" sweepangle="-180" radius="0" width="9.9999999999999" />
    <arc layer="TOP_ASSEMBLY" originx="-240.15748031496" originy="0" startangle="180" sweepangle="180" radius="0" width="9.9999999999999" />
    <arc layer="TOP_ASSEMBLY" originx="-240.15748031496" originy="0" startangle="180" sweepangle="-180" radius="0" width="9.9999999999999" />
    <arc layer="TOP_SILKSCREEN" originx="-8.9763779527558" originy="270.11811023622" startangle="180" sweepangle="180" radius="1.9720472440945" width="9.9999999999999" />
    <arc layer="TOP_SILKSCREEN" originx="-8.9763779527558" originy="270.11811023622" startangle="180" sweepangle="-180" radius="1.9720472440945" width="9.9999999999999" />
  </footprint>
  <symbol name="PS1240P02BT" originx="0" originy="0">
    <line originx="200" originy="100" endx="600" endy="100" width="0" />
    <line originx="600" originy="-200" endx="600" endy="100" width="0" />
    <line originx="600" originy="-200" endx="200" endy="-200" width="0" />
    <line originx="200" originy="100" endx="200" endy="-200" width="0" />
    <sympin number="1" originx="200" originy="0" rotation="180" length="100" width="7.8740157480315" flipped="False">
      <text name="pinname" originx="230" originy="0" style="Default" rotation="0" justify="left" flipped="False" hidden="False" data="1" />
      <text name="pindes" originx="140" originy="20" style="Default" rotation="0" justify="lowerright" flipped="False" hidden="False" data="1" />
    </sympin>
    <sympin number="2" originx="200" originy="-100" rotation="180" length="100" width="7.8740157480315" flipped="False">
      <text name="pinname" originx="230" originy="-100" style="Default" rotation="0" justify="left" flipped="False" hidden="False" data="2" />
      <text name="pindes" originx="140" originy="-80" style="Default" rotation="0" justify="lowerright" flipped="False" hidden="False" data="2" />
    </sympin>
  </symbol>
  <component name="PS1240P02BT" designatorprefix="LS" height="0" footprint="PS1240P02BT">
    <comppin designator="1" sympin="1" pinswap="0" gateswap="0" gate="1" group="1" side="" type="Any" name="1" />
    <comppin designator="2" sympin="2" pinswap="0" gateswap="0" gate="1" group="1" side="" type="Any" name="2" />
    <attached_symbol gate="1" name="PS1240P02BT" />
    <pinmap designator="1" footprintpin="1" />
    <pinmap designator="2" footprintpin="2" />
    <text name="Datasheet" originx="0" originy="0" style="Default" rotation="0" justify="" flipped="False" hidden="True" data="" />
    <text name="Description" originx="0" originy="0" style="Default" rotation="0" justify="" flipped="False" hidden="True" data="Audio Indicators &amp; Alerts Round 12.2mmx6.5mm 4kHz Vin=3V" />
    <text name="Mouser Part Number" originx="0" originy="0" style="Default" rotation="0" justify="" flipped="False" hidden="True" data="810-PS1240P02BT" />
    <text name="Mouser Price/Stock" originx="0" originy="0" style="Default" rotation="0" justify="" flipped="False" hidden="True" data="https://www.mouser.co.uk/ProductDetail/TDK/PS1240P02BT?qs=d7g9p1yFhWaZXSY9MjKMkw%3D%3D" />
    <text name="Manufacturer_Name" originx="0" originy="0" style="Default" rotation="0" justify="" flipped="False" hidden="True" data="TDK" />
    <text name="Manufacturer_Part_Number" originx="650" originy="200" style="Default" rotation="0" justify="left" flipped="False" hidden="False" data="PS1240P02BT" />
  </component>
</quadcept_library>
