<?xml version="1.0" encoding="utf-8"?>
<!--/328091/462196/2.49/4/4/Connector/-->
<quadcept_library>
  <setting unit="mil" />
  <textstyle name="Default" height="47.244094488189" strokewidth="7.8740157480315" charwidth="47.244094488189" />
  <textstyle name="Dimension" height="19.6850393700787" strokewidth="0" charwidth="19.6850393700787" />
  <textstyle name="H127W0635TH00762" height="50" strokewidth="3" charwidth="25" />
  <textstyle name="H15W15TH02" height="59.0551181102362" strokewidth="7.8740157480315" charwidth="59.0551181102362" />
  <padstyle name="c210_h140" surface="False" plated="True" isvia="False" nopaste="True" nomask="True" complex="False" holesize="55.11811023622">
    <padshape layer="TOP" shape="round" width="82.67716535433" height="82.67716535433" />
    <padshape layer="TOP_SOLDER_MASK" shape="round" width="90.551181102361" height="90.551181102361" />
    <padshape layer="INNER" shape="round" width="82.67716535433" height="82.67716535433" />
    <padshape layer="BOTTOM" shape="round" width="82.67716535433" height="82.67716535433" />
    <padshape layer="BOTTOM_SOLDER_MASK" shape="round" width="90.551181102361" height="90.551181102361" />
  </padstyle>
  <padstyle name="c150_h300" surface="False" plated="True" isvia="False" nopaste="True" nomask="True" complex="False" holesize="118.11023622047">
    <padshape layer="TOP" shape="round" width="59.055118110235" height="59.055118110235" />
    <padshape layer="TOP_SOLDER_MASK" shape="round" width="66.929133858267" height="66.929133858267" />
    <padshape layer="INNER" shape="round" width="59.055118110235" height="59.055118110235" />
    <padshape layer="BOTTOM" shape="round" width="59.055118110235" height="59.055118110235" />
    <padshape layer="BOTTOM_SOLDER_MASK" shape="round" width="66.929133858267" height="66.929133858267" />
  </padstyle>
  <footprint name="1724470004" originx="0" originy="0" pickpointx="0" pickpointy="0">
    <pcbpin number="1" name="1" style="c210_h140" originx="0" originy="0" rotation="90" />
    <pcbpin number="2" name="2" style="c210_h140" originx="-165.35433070866" originy="0" rotation="90" />
    <pcbpin number="3" name="3" style="c210_h140" originx="0" originy="216.53543307086" rotation="90" />
    <pcbpin number="4" name="4" style="c210_h140" originx="-165.35433070866" originy="216.53543307086" rotation="90" />
    <pcbpin number="5" name="MH1" style="c150_h300" originx="-350.3937007874" originy="198.42519685039" rotation="90" />
    <pcbpin number="6" name="MH2" style="c150_h300" originx="185.03937007874" originy="198.42519685039" rotation="90" />
    <line layer="TOP_ASSEMBLY" originx="-271.65354330708" originy="289.37007874015" endx="106.29921259842" endy="289.37007874015" width="3.9370078740157" />
    <line layer="TOP_ASSEMBLY" originx="106.29921259842" originy="289.37007874015" endx="106.29921259842" endy="-88.582677165353" width="3.9370078740157" />
    <line layer="TOP_ASSEMBLY" originx="106.29921259842" originy="-88.582677165353" endx="-271.65354330708" endy="-88.582677165353" width="3.9370078740157" />
    <line layer="TOP_ASSEMBLY" originx="-271.65354330708" originy="-88.582677165353" endx="-271.65354330708" endy="289.37007874015" width="3.9370078740157" />
    <line layer="TOP_SILKSCREEN" originx="-271.65354330708" originy="289.37007874015" endx="106.29921259842" endy="289.37007874015" width="7.8740157480314" />
    <line layer="TOP_SILKSCREEN" originx="106.29921259842" originy="289.37007874015" endx="106.29921259842" endy="-88.582677165353" width="7.8740157480314" />
    <line layer="TOP_SILKSCREEN" originx="106.29921259842" originy="-88.582677165353" endx="-271.65354330708" endy="-88.582677165353" width="7.8740157480314" />
    <line layer="TOP_SILKSCREEN" originx="-271.65354330708" originy="-88.582677165353" endx="-271.65354330708" endy="289.37007874015" width="7.8740157480314" />
    <line layer="TOP_PLACE_BOUND" originx="-456.69291338582" originy="328.74015748031" endx="291.33858267716" endy="328.74015748031" width="3.9370078740157" />
    <line layer="TOP_PLACE_BOUND" originx="291.33858267716" originy="328.74015748031" endx="291.33858267716" endy="-127.95275590551" width="3.9370078740157" />
    <line layer="TOP_PLACE_BOUND" originx="291.33858267716" originy="-127.95275590551" endx="-456.69291338582" endy="-127.95275590551" width="3.9370078740157" />
    <line layer="TOP_PLACE_BOUND" originx="-456.69291338582" originy="-127.95275590551" endx="-456.69291338582" endy="328.74015748031" width="3.9370078740157" />
    <line layer="TOP_ASSEMBLY" originx="110.23622047244" originy="263.77952755905" endx="251.968503937" endy="263.77952755905" width="3.9370078740157" />
    <line layer="TOP_ASSEMBLY" originx="251.968503937" originy="263.77952755905" endx="251.968503937" endy="129.92125984252" width="3.9370078740157" />
    <line layer="TOP_ASSEMBLY" originx="251.968503937" originy="129.92125984252" endx="102.36220472441" endy="129.92125984252" width="3.9370078740157" />
    <line layer="TOP_ASSEMBLY" originx="-275.5905511811" originy="263.77952755905" endx="-417.32283464566" endy="263.77952755905" width="3.9370078740157" />
    <line layer="TOP_ASSEMBLY" originx="-417.32283464566" originy="263.77952755905" endx="-417.32283464566" endy="129.92125984252" width="3.9370078740157" />
    <line layer="TOP_ASSEMBLY" originx="-417.32283464566" originy="129.92125984252" endx="-267.71653543307" endy="129.92125984252" width="3.9370078740157" />
    <line layer="TOP_SILKSCREEN" originx="0" originy="-106.29921259842" endx="0" endy="-106.29921259842" width="3.9370078740157" />
    <arc layer="TOP_SILKSCREEN" originx="-7.102804783527E-15" originy="-108.26771653543" startangle="90.0" sweepangle="180.0" radius="1.9685039370078" width="3.9370078740157" />
    <line layer="TOP_SILKSCREEN" originx="0" originy="-110.23622047244" endx="0" endy="-110.23622047244" width="3.9370078740157" />
    <arc layer="TOP_SILKSCREEN" originx="-7.102804783527E-15" originy="-108.26771653543" startangle="-90.0" sweepangle="180.0" radius="1.9685039370078" width="3.9370078740157" />
  </footprint>
  <symbol name="172447-0004" originx="0" originy="0">
    <line originx="200" originy="100" endx="600" endy="100" width="0" />
    <line originx="600" originy="-200" endx="600" endy="100" width="0" />
    <line originx="600" originy="-200" endx="200" endy="-200" width="0" />
    <line originx="200" originy="100" endx="200" endy="-200" width="0" />
    <sympin number="1" originx="600" originy="-100" rotation="0" length="100" width="7.8740157480315" flipped="False">
      <text name="pinname" originx="570" originy="-100" style="Default" rotation="0" justify="right" flipped="False" hidden="False" data="1" />
      <text name="pindes" originx="660" originy="-80" style="Default" rotation="0" justify="lowerleft" flipped="False" hidden="False" data="1" />
    </sympin>
    <sympin number="2" originx="200" originy="-100" rotation="180" length="100" width="7.8740157480315" flipped="False">
      <text name="pinname" originx="230" originy="-100" style="Default" rotation="0" justify="left" flipped="False" hidden="False" data="2" />
      <text name="pindes" originx="140" originy="-80" style="Default" rotation="0" justify="lowerright" flipped="False" hidden="False" data="2" />
    </sympin>
    <sympin number="3" originx="600" originy="0" rotation="0" length="100" width="7.8740157480315" flipped="False">
      <text name="pinname" originx="570" originy="0" style="Default" rotation="0" justify="right" flipped="False" hidden="False" data="3" />
      <text name="pindes" originx="660" originy="20" style="Default" rotation="0" justify="lowerleft" flipped="False" hidden="False" data="3" />
    </sympin>
    <sympin number="4" originx="200" originy="0" rotation="180" length="100" width="7.8740157480315" flipped="False">
      <text name="pinname" originx="230" originy="0" style="Default" rotation="0" justify="left" flipped="False" hidden="False" data="4" />
      <text name="pindes" originx="140" originy="20" style="Default" rotation="0" justify="lowerright" flipped="False" hidden="False" data="4" />
    </sympin>
  </symbol>
  <component name="172447-0004" designatorprefix="J" height="523.62204724409" footprint="1724470004">
    <comppin designator="1" sympin="1" pinswap="0" gateswap="0" gate="1" group="1" side="" type="Any" name="1" />
    <comppin designator="2" sympin="2" pinswap="0" gateswap="0" gate="1" group="1" side="" type="Any" name="2" />
    <comppin designator="3" sympin="3" pinswap="0" gateswap="0" gate="1" group="1" side="" type="Any" name="3" />
    <comppin designator="4" sympin="4" pinswap="0" gateswap="0" gate="1" group="1" side="" type="Any" name="4" />
    <attached_symbol gate="1" name="172447-0004" />
    <pinmap designator="1" footprintpin="1" />
    <pinmap designator="2" footprintpin="2" />
    <pinmap designator="3" footprintpin="3" />
    <pinmap designator="4" footprintpin="4" />
    <text name="Datasheet" originx="0" originy="0" style="Default" rotation="0" justify="" flipped="False" hidden="True" data="https://componentsearchengine.com/Datasheets/1/172447-0004.pdf" />
    <text name="Description" originx="0" originy="0" style="Default" rotation="0" justify="" flipped="False" hidden="True" data="Power to the Board MiniFitJr Vert Hdr w/Pegs 4Ckt GlowWire" />
    <text name="Mouser Part Number" originx="0" originy="0" style="Default" rotation="0" justify="" flipped="False" hidden="True" data="538-172447-0004" />
    <text name="Mouser Price/Stock" originx="0" originy="0" style="Default" rotation="0" justify="" flipped="False" hidden="True" data="https://www.mouser.com/Search/Refine.aspx?Keyword=538-172447-0004" />
    <text name="Manufacturer_Name" originx="0" originy="0" style="Default" rotation="0" justify="" flipped="False" hidden="True" data="Molex" />
    <text name="Manufacturer_Part_Number" originx="650" originy="200" style="Default" rotation="0" justify="left" flipped="False" hidden="False" data="172447-0004" />
  </component>
</quadcept_library>
