<?xml version="1.0" encoding="utf-8"?>
<!--/12737516/462196/2.49/3/4/Connector/-->
<quadcept_library>
  <setting unit="mil" />
  <textstyle name="Default" height="47.244094488189" strokewidth="7.8740157480315" charwidth="47.244094488189" />
  <textstyle name="Dimension" height="19.6850393700787" strokewidth="0" charwidth="19.6850393700787" />
  <textstyle name="H127W0635TH00762" height="50" strokewidth="3" charwidth="25" />
  <textstyle name="H15W15TH02" height="59.0551181102362" strokewidth="7.8740157480315" charwidth="59.0551181102362" />
  <padstyle name="c180_h120" surface="False" plated="True" isvia="False" nopaste="True" nomask="True" complex="False" holesize="47.244094488188">
    <padshape layer="TOP" shape="round" width="70.866141732283" height="70.866141732283" />
    <padshape layer="TOP_SOLDER_MASK" shape="round" width="78.740157480314" height="78.740157480314" />
    <padshape layer="INNER" shape="round" width="70.866141732283" height="70.866141732283" />
    <padshape layer="BOTTOM" shape="round" width="70.866141732283" height="70.866141732283" />
    <padshape layer="BOTTOM_SOLDER_MASK" shape="round" width="78.740157480314" height="78.740157480314" />
  </padstyle>
  <footprint name="TBL002A35003GR2OR" originx="0" originy="0" pickpointx="0" pickpointy="0">
    <pcbpin number="1" name="A1" style="c180_h120" originx="0" originy="0" rotation="90" />
    <pcbpin number="2" name="A2" style="c180_h120" originx="275.5905511811" originy="0" rotation="90" />
    <pcbpin number="3" name="B1" style="c180_h120" originx="137.79527559055" originy="196.85039370078" rotation="90" />
    <line layer="TOP_ASSEMBLY" originx="-127.95275590551" originy="-90.551181102361" endx="344.48818897637" endy="-90.551181102361" width="7.8740157480314" />
    <line layer="TOP_ASSEMBLY" originx="344.48818897637" originy="-90.551181102361" endx="344.48818897637" endy="381.88976377952" width="7.8740157480314" />
    <line layer="TOP_ASSEMBLY" originx="344.48818897637" originy="381.88976377952" endx="-127.95275590551" endy="381.88976377952" width="7.8740157480314" />
    <line layer="TOP_ASSEMBLY" originx="-127.95275590551" originy="381.88976377952" endx="-127.95275590551" endy="-90.551181102361" width="7.8740157480314" />
    <line layer="TOP_SILKSCREEN" originx="-127.95275590551" originy="-90.551181102361" endx="344.48818897637" endy="-90.551181102361" width="3.9370078740157" />
    <line layer="TOP_SILKSCREEN" originx="344.48818897637" originy="-90.551181102361" endx="344.48818897637" endy="381.88976377952" width="3.9370078740157" />
    <line layer="TOP_SILKSCREEN" originx="344.48818897637" originy="381.88976377952" endx="-127.95275590551" endy="381.88976377952" width="3.9370078740157" />
    <line layer="TOP_SILKSCREEN" originx="-127.95275590551" originy="381.88976377952" endx="-127.95275590551" endy="-90.551181102361" width="3.9370078740157" />
    <line layer="TOP_PLACE_BOUND" originx="-167.32283464567" originy="421.25984251968" endx="383.85826771653" endy="421.25984251968" width="3.9370078740157" />
    <line layer="TOP_PLACE_BOUND" originx="383.85826771653" originy="421.25984251968" endx="383.85826771653" endy="-161.41732283464" width="3.9370078740157" />
    <line layer="TOP_PLACE_BOUND" originx="383.85826771653" originy="-161.41732283464" endx="-167.32283464567" endy="-161.41732283464" width="3.9370078740157" />
    <line layer="TOP_PLACE_BOUND" originx="-167.32283464567" originy="-161.41732283464" endx="-167.32283464567" endy="421.25984251968" width="3.9370078740157" />
    <line layer="TOP_SILKSCREEN" originx="0" originy="-118.11023622047" endx="0" endy="-118.11023622047" width="7.8740157480314" />
    <arc layer="TOP_SILKSCREEN" originx="1.6391087961985E-15" originy="-120.07874015748" startangle="90.0" sweepangle="180.0" radius="1.9685039370079" width="7.8740157480314" />
    <line layer="TOP_SILKSCREEN" originx="0" originy="-122.04724409449" endx="0" endy="-122.04724409449" width="7.8740157480314" />
    <arc layer="TOP_SILKSCREEN" originx="1.6391087961985E-15" originy="-120.07874015748" startangle="-90.0" sweepangle="180.0" radius="1.9685039370079" width="7.8740157480314" />
    <line layer="TOP_SILKSCREEN" originx="0" originy="-118.11023622047" endx="0" endy="-118.11023622047" width="7.8740157480314" />
    <arc layer="TOP_SILKSCREEN" originx="1.6391087961985E-15" originy="-120.07874015748" startangle="90.0" sweepangle="180.0" radius="1.9685039370079" width="7.8740157480314" />
  </footprint>
  <symbol name="TBL002A-350-03GR-2OR" originx="0" originy="0">
    <line originx="200" originy="100" endx="700" endy="100" width="0" />
    <line originx="700" originy="-200" endx="700" endy="100" width="0" />
    <line originx="700" originy="-200" endx="200" endy="-200" width="0" />
    <line originx="200" originy="100" endx="200" endy="-200" width="0" />
    <sympin number="1" originx="200" originy="0" rotation="180" length="100" width="7.8740157480315" flipped="False">
      <text name="pinname" originx="230" originy="0" style="Default" rotation="0" justify="left" flipped="False" hidden="False" data="A1" />
      <text name="pindes" originx="140" originy="20" style="Default" rotation="0" justify="lowerright" flipped="False" hidden="False" data="A1" />
    </sympin>
    <sympin number="2" originx="200" originy="-100" rotation="180" length="100" width="7.8740157480315" flipped="False">
      <text name="pinname" originx="230" originy="-100" style="Default" rotation="0" justify="left" flipped="False" hidden="False" data="A2" />
      <text name="pindes" originx="140" originy="-80" style="Default" rotation="0" justify="lowerright" flipped="False" hidden="False" data="A2" />
    </sympin>
    <sympin number="3" originx="700" originy="0" rotation="0" length="100" width="7.8740157480315" flipped="False">
      <text name="pinname" originx="670" originy="0" style="Default" rotation="0" justify="right" flipped="False" hidden="False" data="B1" />
      <text name="pindes" originx="760" originy="20" style="Default" rotation="0" justify="lowerleft" flipped="False" hidden="False" data="B1" />
    </sympin>
  </symbol>
  <component name="TBL002A-350-03GR-2OR" designatorprefix="J" height="505.90551181102" footprint="TBL002A35003GR2OR">
    <comppin designator="A1" sympin="1" pinswap="0" gateswap="0" gate="1" group="1" side="" type="Any" name="A1" />
    <comppin designator="A2" sympin="2" pinswap="0" gateswap="0" gate="1" group="1" side="" type="Any" name="A2" />
    <comppin designator="B1" sympin="3" pinswap="0" gateswap="0" gate="1" group="1" side="" type="Any" name="B1" />
    <attached_symbol gate="1" name="TBL002A-350-03GR-2OR" />
    <pinmap designator="A1" footprintpin="1" />
    <pinmap designator="A2" footprintpin="2" />
    <pinmap designator="B1" footprintpin="3" />
    <text name="Datasheet" originx="0" originy="0" style="Default" rotation="0" justify="" flipped="False" hidden="True" data="https://www.mouser.fr/datasheet/2/670/tbl002a-350-1600859.pdf" />
    <text name="Description" originx="0" originy="0" style="Default" rotation="0" justify="" flipped="False" hidden="True" data="Fixed Terminal Blocks Terminal block, screwless, 3.50, 45, 3 poles, green w orange tab" />
    <text name="Mouser Part Number" originx="0" originy="0" style="Default" rotation="0" justify="" flipped="False" hidden="True" data="490-TBL002A3503GR2OR" />
    <text name="Mouser Price/Stock" originx="0" originy="0" style="Default" rotation="0" justify="" flipped="False" hidden="True" data="https://www.mouser.co.uk/ProductDetail/CUI-Devices/TBL002A-350-03GR-2OR?qs=PzGy0jfpSMsNR2AeoCll%252Bw%3D%3D" />
    <text name="Manufacturer_Name" originx="0" originy="0" style="Default" rotation="0" justify="" flipped="False" hidden="True" data="CUI Inc." />
    <text name="Manufacturer_Part_Number" originx="750" originy="200" style="Default" rotation="0" justify="left" flipped="False" hidden="False" data="TBL002A-350-03GR-2OR" />
  </component>
</quadcept_library>
