<?xml version="1.0" encoding="utf-8"?>
<!--/238609/462196/2.49/2/3/Resistor/-->
<quadcept_library>
  <setting unit="mil" />
  <textstyle name="Default" height="47.244094488189" strokewidth="7.8740157480315" charwidth="47.244094488189" />
  <textstyle name="Dimension" height="19.6850393700787" strokewidth="0" charwidth="19.6850393700787" />
  <textstyle name="H127W0635TH00762" height="50" strokewidth="3" charwidth="25" />
  <textstyle name="H15W15TH02" height="59.0551181102362" strokewidth="7.8740157480315" charwidth="59.0551181102362" />
  <padstyle name="r140_95" surface="True" plated="False" isvia="False" nopaste="False" nomask="True" complex="False" holesize="0">
    <padshape layer="TOP" shape="rectangle" width="37.401574803149" height="55.11811023622" />
    <padshape layer="TOP_SOLDER_MASK" shape="rectangle" width="45.275590551181" height="62.992125984251" />
    <padshape layer="TOP_SOLDER_PASTE" shape="rectangle" width="37.401574803149" height="55.11811023622" />
  </padstyle>
  <footprint name="RESC2012X60N" originx="0" originy="0" pickpointx="0" pickpointy="0">
    <pcbpin number="1" name="1" style="r140_95" originx="-37.401574803149" originy="0" rotation="0" />
    <pcbpin number="2" name="2" style="r140_95" originx="37.401574803149" originy="0" rotation="0" />
    <line layer="TOP_PLACE_BOUND" originx="-65.944881889763" originy="37.401574803149" endx="65.944881889763" endy="37.401574803149" width="1.9685039370079" />
    <line layer="TOP_PLACE_BOUND" originx="65.944881889763" originy="37.401574803149" endx="65.944881889763" endy="-37.401574803149" width="1.9685039370079" />
    <line layer="TOP_PLACE_BOUND" originx="65.944881889763" originy="-37.401574803149" endx="-65.944881889763" endy="-37.401574803149" width="1.9685039370079" />
    <line layer="TOP_PLACE_BOUND" originx="-65.944881889763" originy="-37.401574803149" endx="-65.944881889763" endy="37.401574803149" width="1.9685039370079" />
    <line layer="TOP_ASSEMBLY" originx="-39.370078740157" originy="24.606299212598" endx="39.370078740157" endy="24.606299212598" width="3.9370078740157" />
    <line layer="TOP_ASSEMBLY" originx="39.370078740157" originy="24.606299212598" endx="39.370078740157" endy="-24.606299212598" width="3.9370078740157" />
    <line layer="TOP_ASSEMBLY" originx="39.370078740157" originy="-24.606299212598" endx="-39.370078740157" endy="-24.606299212598" width="3.9370078740157" />
    <line layer="TOP_ASSEMBLY" originx="-39.370078740157" originy="-24.606299212598" endx="-39.370078740157" endy="24.606299212598" width="3.9370078740157" />
    <line layer="TOP_SILKSCREEN" originx="0" originy="20.669291338582" endx="0" endy="-20.669291338582" width="7.8740157480314" />
  </footprint>
  <symbol name="RC0805FR-071KL" originx="0" originy="0">
    <line originx="200" originy="50" endx="500" endy="50" width="0" />
    <line originx="500" originy="-50" endx="500" endy="50" width="0" />
    <line originx="500" originy="-50" endx="200" endy="-50" width="0" />
    <line originx="200" originy="50" endx="200" endy="-50" width="0" />
    <sympin number="1" originx="200" originy="0" rotation="180" length="100" width="7.8740157480315" flipped="False">
      <text name="pinname" originx="0" originy="-10" style="Default" rotation="0" justify="upperleft" flipped="False" hidden="True" data="1" />
      <text name="pindes" originx="0" originy="10" style="Default" rotation="0" justify="lowerleft" flipped="False" hidden="False" data="1" />
    </sympin>
    <sympin number="2" originx="500" originy="0" rotation="0" length="100" width="7.8740157480315" flipped="False">
      <text name="pinname" originx="700" originy="-10" style="Default" rotation="0" justify="upperright" flipped="False" hidden="True" data="2" />
      <text name="pindes" originx="700" originy="10" style="Default" rotation="0" justify="lowerright" flipped="False" hidden="False" data="2" />
    </sympin>
  </symbol>
  <component name="RC0805FR-071KL" designatorprefix="R" height="23.622047244094" footprint="RESC2012X60N">
    <comppin designator="1" sympin="1" pinswap="0" gateswap="0" gate="1" group="1" side="" type="Any" name="1" />
    <comppin designator="2" sympin="2" pinswap="0" gateswap="0" gate="1" group="1" side="" type="Any" name="2" />
    <attached_symbol gate="1" name="RC0805FR-071KL" />
    <pinmap designator="1" footprintpin="1" />
    <pinmap designator="2" footprintpin="2" />
    <text name="Datasheet" originx="0" originy="0" style="Default" rotation="0" justify="" flipped="False" hidden="True" data="http://www.yageo.com/documents/recent/PYu-RC_Group_51_RoHS_L_10.pdf" />
    <text name="Description" originx="0" originy="0" style="Default" rotation="0" justify="" flipped="False" hidden="True" data="GENERAL PURPOSE CHIP RESISTORS" />
    <text name="Mouser Part Number" originx="0" originy="0" style="Default" rotation="0" justify="" flipped="False" hidden="True" data="603-RC0805FR-071KL" />
    <text name="Mouser Price/Stock" originx="0" originy="0" style="Default" rotation="0" justify="" flipped="False" hidden="True" data="https://www.mouser.co.uk/ProductDetail/Yageo/RC0805FR-071KL?qs=1ogmaHw32WJjeGY0DHXakQ%3D%3D" />
    <text name="Manufacturer_Name" originx="0" originy="0" style="Default" rotation="0" justify="" flipped="False" hidden="True" data="YAGEO (PHYCOMP)" />
    <text name="Manufacturer_Part_Number" originx="550" originy="150" style="Default" rotation="0" justify="left" flipped="False" hidden="False" data="RC0805FR-071KL" />
  </component>
</quadcept_library>
