<?xml version="1.0" encoding="utf-8"?>
<!--/755925/462196/2.49/5/4/Integrated Circuit/-->
<quadcept_library>
  <setting unit="mil" />
  <textstyle name="Default" height="47.244094488189" strokewidth="7.8740157480315" charwidth="47.244094488189" />
  <textstyle name="Dimension" height="19.6850393700787" strokewidth="0" charwidth="19.6850393700787" />
  <textstyle name="H127W0635TH00762" height="50" strokewidth="3" charwidth="25" />
  <textstyle name="H15W15TH02" height="59.0551181102362" strokewidth="7.8740157480315" charwidth="59.0551181102362" />
  <padstyle name="r120_40" surface="True" plated="False" isvia="False" nopaste="False" nomask="True" complex="False" holesize="0">
    <padshape layer="TOP" shape="rectangle" width="15.748031496063" height="47.244094488188" />
    <padshape layer="TOP_SOLDER_MASK" shape="rectangle" width="23.622047244094" height="55.11811023622" />
    <padshape layer="TOP_SOLDER_PASTE" shape="rectangle" width="15.748031496063" height="47.244094488188" />
  </padstyle>
  <footprint name="SOT65P210X110-5N" originx="0" originy="0" pickpointx="0" pickpointy="0">
    <pcbpin number="1" name="1" style="r120_40" originx="-37.401574803149" originy="25.590551181102" rotation="90" />
    <pcbpin number="2" name="2" style="r120_40" originx="-37.401574803149" originy="0" rotation="90" />
    <pcbpin number="3" name="3" style="r120_40" originx="-37.401574803149" originy="-25.590551181102" rotation="90" />
    <pcbpin number="4" name="4" style="r120_40" originx="37.401574803149" originy="-25.590551181102" rotation="90" />
    <pcbpin number="5" name="5" style="r120_40" originx="37.401574803149" originy="25.590551181102" rotation="90" />
    <line layer="TOP_PLACE_BOUND" originx="-70.866141732283" originy="52.165354330708" endx="70.866141732283" endy="52.165354330708" width="1.9685039370079" />
    <line layer="TOP_PLACE_BOUND" originx="70.866141732283" originy="52.165354330708" endx="70.866141732283" endy="-52.165354330708" width="1.9685039370079" />
    <line layer="TOP_PLACE_BOUND" originx="70.866141732283" originy="-52.165354330708" endx="-70.866141732283" endy="-52.165354330708" width="1.9685039370079" />
    <line layer="TOP_PLACE_BOUND" originx="-70.866141732283" originy="-52.165354330708" endx="-70.866141732283" endy="52.165354330708" width="1.9685039370079" />
    <line layer="TOP_ASSEMBLY" originx="-24.606299212598" originy="39.370078740157" endx="24.606299212598" endy="39.370078740157" width="3.9370078740157" />
    <line layer="TOP_ASSEMBLY" originx="24.606299212598" originy="39.370078740157" endx="24.606299212598" endy="-39.370078740157" width="3.9370078740157" />
    <line layer="TOP_ASSEMBLY" originx="24.606299212598" originy="-39.370078740157" endx="-24.606299212598" endy="-39.370078740157" width="3.9370078740157" />
    <line layer="TOP_ASSEMBLY" originx="-24.606299212598" originy="-39.370078740157" endx="-24.606299212598" endy="39.370078740157" width="3.9370078740157" />
    <line layer="TOP_ASSEMBLY" originx="-24.606299212598" originy="13.779527559055" endx="0.98425196850393" endy="39.370078740157" width="3.9370078740157" />
    <line layer="TOP_SILKSCREEN" originx="-61.023622047243" originy="43.307086614173" endx="-13.779527559055" endy="43.307086614173" width="7.8740157480314" />
  </footprint>
  <symbol name="LMT86QDCKRQ1" originx="0" originy="0">
    <line originx="200" originy="100" endx="1000" endy="100" width="0" />
    <line originx="1000" originy="-300" endx="1000" endy="100" width="0" />
    <line originx="1000" originy="-300" endx="200" endy="-300" width="0" />
    <line originx="200" originy="100" endx="200" endy="-300" width="0" />
    <sympin number="1" originx="200" originy="0" rotation="180" length="100" width="7.8740157480315" flipped="False">
      <text name="pinname" originx="230" originy="0" style="Default" rotation="0" justify="left" flipped="False" hidden="False" data="GND_1" />
      <text name="pindes" originx="140" originy="20" style="Default" rotation="0" justify="lowerright" flipped="False" hidden="False" data="1" />
    </sympin>
    <sympin number="2" originx="200" originy="-100" rotation="180" length="100" width="7.8740157480315" flipped="False">
      <text name="pinname" originx="230" originy="-100" style="Default" rotation="0" justify="left" flipped="False" hidden="False" data="GND_2" />
      <text name="pindes" originx="140" originy="-80" style="Default" rotation="0" justify="lowerright" flipped="False" hidden="False" data="2" />
    </sympin>
    <sympin number="3" originx="200" originy="-200" rotation="180" length="100" width="7.8740157480315" flipped="False">
      <text name="pinname" originx="230" originy="-200" style="Default" rotation="0" justify="left" flipped="False" hidden="False" data="OUT" />
      <text name="pindes" originx="140" originy="-180" style="Default" rotation="0" justify="lowerright" flipped="False" hidden="False" data="3" />
    </sympin>
    <sympin number="4" originx="1000" originy="0" rotation="0" length="100" width="7.8740157480315" flipped="False">
      <text name="pinname" originx="970" originy="0" style="Default" rotation="0" justify="right" flipped="False" hidden="False" data="VDD_1" />
      <text name="pindes" originx="1060" originy="20" style="Default" rotation="0" justify="lowerleft" flipped="False" hidden="False" data="4" />
    </sympin>
    <sympin number="5" originx="1000" originy="-100" rotation="0" length="100" width="7.8740157480315" flipped="False">
      <text name="pinname" originx="970" originy="-100" style="Default" rotation="0" justify="right" flipped="False" hidden="False" data="VDD_2" />
      <text name="pindes" originx="1060" originy="-80" style="Default" rotation="0" justify="lowerleft" flipped="False" hidden="False" data="5" />
    </sympin>
  </symbol>
  <component name="LMT86QDCKRQ1" designatorprefix="IC" height="43.307086614173" footprint="SOT65P210X110-5N">
    <comppin designator="1" sympin="1" pinswap="0" gateswap="0" gate="1" group="1" side="" type="Any" name="GND_1" />
    <comppin designator="2" sympin="2" pinswap="0" gateswap="0" gate="1" group="1" side="" type="Any" name="GND_2" />
    <comppin designator="3" sympin="3" pinswap="0" gateswap="0" gate="1" group="1" side="" type="Any" name="OUT" />
    <comppin designator="4" sympin="4" pinswap="0" gateswap="0" gate="1" group="1" side="" type="Any" name="VDD_1" />
    <comppin designator="5" sympin="5" pinswap="0" gateswap="0" gate="1" group="1" side="" type="Any" name="VDD_2" />
    <attached_symbol gate="1" name="LMT86QDCKRQ1" />
    <pinmap designator="1" footprintpin="1" />
    <pinmap designator="2" footprintpin="2" />
    <pinmap designator="3" footprintpin="3" />
    <pinmap designator="4" footprintpin="4" />
    <pinmap designator="5" footprintpin="5" />
    <text name="Datasheet" originx="0" originy="0" style="Default" rotation="0" justify="" flipped="False" hidden="True" data="http://www.ti.com/lit/gpn/lmt86-q1" />
    <text name="Description" originx="0" originy="0" style="Default" rotation="0" justify="" flipped="False" hidden="True" data="Automotive Grade, 2.2V-Capable, 10 uA Analog Output Temperature Sensor" />
    <text name="Mouser Part Number" originx="0" originy="0" style="Default" rotation="0" justify="" flipped="False" hidden="True" data="595-LMT86QDCKRQ1" />
    <text name="Mouser Price/Stock" originx="0" originy="0" style="Default" rotation="0" justify="" flipped="False" hidden="True" data="https://www.mouser.co.uk/ProductDetail/Texas-Instruments/LMT86QDCKRQ1/?qs=xopfAcLiCQTZSXomKixV%2FQ%3D%3D" />
    <text name="Manufacturer_Name" originx="0" originy="0" style="Default" rotation="0" justify="" flipped="False" hidden="True" data="Texas Instruments" />
    <text name="Manufacturer_Part_Number" originx="1050" originy="200" style="Default" rotation="0" justify="left" flipped="False" hidden="False" data="LMT86QDCKRQ1" />
  </component>
</quadcept_library>
