<?xml version="1.0" encoding="utf-8"?>
<!--/302126/462196/2.49/40/3/Integrated Circuit/-->
<quadcept_library>
  <setting unit="mil" />
  <textstyle name="Default" height="47.244094488189" strokewidth="7.8740157480315" charwidth="47.244094488189" />
  <textstyle name="Dimension" height="19.6850393700787" strokewidth="0" charwidth="19.6850393700787" />
  <textstyle name="H127W0635TH00762" height="50" strokewidth="3" charwidth="25" />
  <textstyle name="H15W15TH02" height="59.0551181102362" strokewidth="7.8740157480315" charwidth="59.0551181102362" />
  <padstyle name="c118.4_h78.4" surface="False" plated="True" isvia="False" nopaste="True" nomask="True" complex="False" holesize="30.866141732283">
    <padshape layer="TOP" shape="round" width="46.614173228346" height="46.614173228346" />
    <padshape layer="TOP_SOLDER_MASK" shape="round" width="54.488188976377" height="54.488188976377" />
    <padshape layer="INNER" shape="round" width="46.614173228346" height="46.614173228346" />
    <padshape layer="BOTTOM" shape="round" width="46.614173228346" height="46.614173228346" />
    <padshape layer="BOTTOM_SOLDER_MASK" shape="round" width="54.488188976377" height="54.488188976377" />
  </padstyle>
  <padstyle name="s118.4_h78.4" surface="False" plated="True" isvia="False" nopaste="True" nomask="True" complex="False" holesize="30.866141732283">
    <padshape layer="TOP" shape="square" width="46.614173228346" height="46.614173228346" />
    <padshape layer="TOP_SOLDER_MASK" shape="square" width="54.488188976377" height="54.488188976377" />
    <padshape layer="INNER" shape="round" width="46.614173228346" height="46.614173228346" />
    <padshape layer="BOTTOM" shape="square" width="46.614173228346" height="46.614173228346" />
    <padshape layer="BOTTOM_SOLDER_MASK" shape="square" width="54.488188976377" height="54.488188976377" />
  </padstyle>
  <footprint name="DIP1543W58P254L5175H635Q40N" originx="0" originy="0" pickpointx="0" pickpointy="0">
    <pcbpin number="1" name="1" style="s118.4_h78.4" originx="-303.74015748031" originy="949.99999999999" rotation="90" />
    <pcbpin number="2" name="2" style="c118.4_h78.4" originx="-303.74015748031" originy="849.99999999999" rotation="90" />
    <pcbpin number="3" name="3" style="c118.4_h78.4" originx="-303.74015748031" originy="749.99999999999" rotation="90" />
    <pcbpin number="4" name="4" style="c118.4_h78.4" originx="-303.74015748031" originy="649.99999999999" rotation="90" />
    <pcbpin number="5" name="5" style="c118.4_h78.4" originx="-303.74015748031" originy="549.99999999999" rotation="90" />
    <pcbpin number="6" name="6" style="c118.4_h78.4" originx="-303.74015748031" originy="449.99999999999" rotation="90" />
    <pcbpin number="7" name="7" style="c118.4_h78.4" originx="-303.74015748031" originy="350" rotation="90" />
    <pcbpin number="8" name="8" style="c118.4_h78.4" originx="-303.74015748031" originy="250" rotation="90" />
    <pcbpin number="9" name="9" style="c118.4_h78.4" originx="-303.74015748031" originy="150" rotation="90" />
    <pcbpin number="10" name="10" style="c118.4_h78.4" originx="-303.74015748031" originy="49.999999999999" rotation="90" />
    <pcbpin number="11" name="11" style="c118.4_h78.4" originx="-303.74015748031" originy="-49.999999999999" rotation="90" />
    <pcbpin number="12" name="12" style="c118.4_h78.4" originx="-303.74015748031" originy="-150" rotation="90" />
    <pcbpin number="13" name="13" style="c118.4_h78.4" originx="-303.74015748031" originy="-250" rotation="90" />
    <pcbpin number="14" name="14" style="c118.4_h78.4" originx="-303.74015748031" originy="-350" rotation="90" />
    <pcbpin number="15" name="15" style="c118.4_h78.4" originx="-303.74015748031" originy="-449.99999999999" rotation="90" />
    <pcbpin number="16" name="16" style="c118.4_h78.4" originx="-303.74015748031" originy="-549.99999999999" rotation="90" />
    <pcbpin number="17" name="17" style="c118.4_h78.4" originx="-303.74015748031" originy="-649.99999999999" rotation="90" />
    <pcbpin number="18" name="18" style="c118.4_h78.4" originx="-303.74015748031" originy="-749.99999999999" rotation="90" />
    <pcbpin number="19" name="19" style="c118.4_h78.4" originx="-303.74015748031" originy="-849.99999999999" rotation="90" />
    <pcbpin number="20" name="20" style="c118.4_h78.4" originx="-303.74015748031" originy="-949.99999999999" rotation="90" />
    <pcbpin number="21" name="21" style="c118.4_h78.4" originx="303.74015748031" originy="-949.99999999999" rotation="90" />
    <pcbpin number="22" name="22" style="c118.4_h78.4" originx="303.74015748031" originy="-849.99999999999" rotation="90" />
    <pcbpin number="23" name="23" style="c118.4_h78.4" originx="303.74015748031" originy="-749.99999999999" rotation="90" />
    <pcbpin number="24" name="24" style="c118.4_h78.4" originx="303.74015748031" originy="-649.99999999999" rotation="90" />
    <pcbpin number="25" name="25" style="c118.4_h78.4" originx="303.74015748031" originy="-549.99999999999" rotation="90" />
    <pcbpin number="26" name="26" style="c118.4_h78.4" originx="303.74015748031" originy="-449.99999999999" rotation="90" />
    <pcbpin number="27" name="27" style="c118.4_h78.4" originx="303.74015748031" originy="-350" rotation="90" />
    <pcbpin number="28" name="28" style="c118.4_h78.4" originx="303.74015748031" originy="-250" rotation="90" />
    <pcbpin number="29" name="29" style="c118.4_h78.4" originx="303.74015748031" originy="-150" rotation="90" />
    <pcbpin number="30" name="30" style="c118.4_h78.4" originx="303.74015748031" originy="-49.999999999999" rotation="90" />
    <pcbpin number="31" name="31" style="c118.4_h78.4" originx="303.74015748031" originy="49.999999999999" rotation="90" />
    <pcbpin number="32" name="32" style="c118.4_h78.4" originx="303.74015748031" originy="150" rotation="90" />
    <pcbpin number="33" name="33" style="c118.4_h78.4" originx="303.74015748031" originy="250" rotation="90" />
    <pcbpin number="34" name="34" style="c118.4_h78.4" originx="303.74015748031" originy="350" rotation="90" />
    <pcbpin number="35" name="35" style="c118.4_h78.4" originx="303.74015748031" originy="449.99999999999" rotation="90" />
    <pcbpin number="36" name="36" style="c118.4_h78.4" originx="303.74015748031" originy="549.99999999999" rotation="90" />
    <pcbpin number="37" name="37" style="c118.4_h78.4" originx="303.74015748031" originy="649.99999999999" rotation="90" />
    <pcbpin number="38" name="38" style="c118.4_h78.4" originx="303.74015748031" originy="749.99999999999" rotation="90" />
    <pcbpin number="39" name="39" style="c118.4_h78.4" originx="303.74015748031" originy="849.99999999999" rotation="90" />
    <pcbpin number="40" name="40" style="c118.4_h78.4" originx="303.74015748031" originy="949.99999999999" rotation="90" />
    <line layer="TOP_PLACE_BOUND" originx="-345.66929133858" originy="1057.3228346457" endx="345.66929133858" endy="1057.3228346457" width="1.9685039370079" />
    <line layer="TOP_PLACE_BOUND" originx="345.66929133858" originy="1057.3228346457" endx="345.66929133858" endy="-1057.3228346457" width="1.9685039370079" />
    <line layer="TOP_PLACE_BOUND" originx="345.66929133858" originy="-1057.3228346457" endx="-345.66929133858" endy="-1057.3228346457" width="1.9685039370079" />
    <line layer="TOP_PLACE_BOUND" originx="-345.66929133858" originy="-1057.3228346457" endx="-345.66929133858" endy="1057.3228346457" width="1.9685039370079" />
    <line layer="TOP_ASSEMBLY" originx="-290" originy="1047.4803149606" endx="290" endy="1047.4803149606" width="3.9370078740157" />
    <line layer="TOP_ASSEMBLY" originx="290" originy="1047.4803149606" endx="290" endy="-1047.4803149606" width="3.9370078740157" />
    <line layer="TOP_ASSEMBLY" originx="290" originy="-1047.4803149606" endx="-290" endy="-1047.4803149606" width="3.9370078740157" />
    <line layer="TOP_ASSEMBLY" originx="-290" originy="-1047.4803149606" endx="-290" endy="1047.4803149606" width="3.9370078740157" />
    <line layer="TOP_ASSEMBLY" originx="-290" originy="997.48031496062" endx="-240" endy="1047.4803149606" width="3.9370078740157" />
    <line layer="TOP_SILKSCREEN" originx="-327.04724409448" originy="1047.4803149606" endx="290" endy="1047.4803149606" width="7.8740157480314" />
    <line layer="TOP_SILKSCREEN" originx="-290" originy="-1047.4803149606" endx="290" endy="-1047.4803149606" width="7.8740157480314" />
  </footprint>
  <symbol name="DSPIC30F4011-30I_P" originx="0" originy="0">
    <line originx="200" originy="100" endx="3400" endy="100" width="0" />
    <line originx="3400" originy="-2000" endx="3400" endy="100" width="0" />
    <line originx="3400" originy="-2000" endx="200" endy="-2000" width="0" />
    <line originx="200" originy="100" endx="200" endy="-2000" width="0" />
    <sympin number="1" originx="200" originy="0" rotation="180" length="100" width="7.8740157480315" flipped="False">
      <text name="pinname" originx="230" originy="0" style="Default" rotation="0" justify="left" flipped="False" hidden="False" data="\MCLR" />
      <text name="pindes" originx="140" originy="20" style="Default" rotation="0" justify="lowerright" flipped="False" hidden="False" data="1" />
    </sympin>
    <sympin number="2" originx="200" originy="-100" rotation="180" length="100" width="7.8740157480315" flipped="False">
      <text name="pinname" originx="230" originy="-100" style="Default" rotation="0" justify="left" flipped="False" hidden="False" data="EMUD3/AN0/VREF+/CN2/RB0" />
      <text name="pindes" originx="140" originy="-80" style="Default" rotation="0" justify="lowerright" flipped="False" hidden="False" data="2" />
    </sympin>
    <sympin number="3" originx="200" originy="-200" rotation="180" length="100" width="7.8740157480315" flipped="False">
      <text name="pinname" originx="230" originy="-200" style="Default" rotation="0" justify="left" flipped="False" hidden="False" data="EMUC3/AN1/VREF-/CN3/RB1" />
      <text name="pindes" originx="140" originy="-180" style="Default" rotation="0" justify="lowerright" flipped="False" hidden="False" data="3" />
    </sympin>
    <sympin number="4" originx="200" originy="-300" rotation="180" length="100" width="7.8740157480315" flipped="False">
      <text name="pinname" originx="230" originy="-300" style="Default" rotation="0" justify="left" flipped="False" hidden="False" data="AN2/\SS1\/CN4/RB2" />
      <text name="pindes" originx="140" originy="-280" style="Default" rotation="0" justify="lowerright" flipped="False" hidden="False" data="4" />
    </sympin>
    <sympin number="5" originx="200" originy="-400" rotation="180" length="100" width="7.8740157480315" flipped="False">
      <text name="pinname" originx="230" originy="-400" style="Default" rotation="0" justify="left" flipped="False" hidden="False" data="AN3/INDX/CN5/RB3" />
      <text name="pindes" originx="140" originy="-380" style="Default" rotation="0" justify="lowerright" flipped="False" hidden="False" data="5" />
    </sympin>
    <sympin number="6" originx="200" originy="-500" rotation="180" length="100" width="7.8740157480315" flipped="False">
      <text name="pinname" originx="230" originy="-500" style="Default" rotation="0" justify="left" flipped="False" hidden="False" data="AN4/QEA/IC7/CN6/RB4" />
      <text name="pindes" originx="140" originy="-480" style="Default" rotation="0" justify="lowerright" flipped="False" hidden="False" data="6" />
    </sympin>
    <sympin number="7" originx="200" originy="-600" rotation="180" length="100" width="7.8740157480315" flipped="False">
      <text name="pinname" originx="230" originy="-600" style="Default" rotation="0" justify="left" flipped="False" hidden="False" data="AN5/QEB/IC8/CN7/RB5" />
      <text name="pindes" originx="140" originy="-580" style="Default" rotation="0" justify="lowerright" flipped="False" hidden="False" data="7" />
    </sympin>
    <sympin number="8" originx="200" originy="-700" rotation="180" length="100" width="7.8740157480315" flipped="False">
      <text name="pinname" originx="230" originy="-700" style="Default" rotation="0" justify="left" flipped="False" hidden="False" data="AN6/OCFA/RB6" />
      <text name="pindes" originx="140" originy="-680" style="Default" rotation="0" justify="lowerright" flipped="False" hidden="False" data="8" />
    </sympin>
    <sympin number="9" originx="200" originy="-800" rotation="180" length="100" width="7.8740157480315" flipped="False">
      <text name="pinname" originx="230" originy="-800" style="Default" rotation="0" justify="left" flipped="False" hidden="False" data="AN7/RB7" />
      <text name="pindes" originx="140" originy="-780" style="Default" rotation="0" justify="lowerright" flipped="False" hidden="False" data="9" />
    </sympin>
    <sympin number="10" originx="200" originy="-900" rotation="180" length="100" width="7.8740157480315" flipped="False">
      <text name="pinname" originx="230" originy="-900" style="Default" rotation="0" justify="left" flipped="False" hidden="False" data="AN8/RB8" />
      <text name="pindes" originx="140" originy="-880" style="Default" rotation="0" justify="lowerright" flipped="False" hidden="False" data="10" />
    </sympin>
    <sympin number="11" originx="200" originy="-1000" rotation="180" length="100" width="7.8740157480315" flipped="False">
      <text name="pinname" originx="230" originy="-1000" style="Default" rotation="0" justify="left" flipped="False" hidden="False" data="VDD_1" />
      <text name="pindes" originx="140" originy="-980" style="Default" rotation="0" justify="lowerright" flipped="False" hidden="False" data="11" />
    </sympin>
    <sympin number="12" originx="200" originy="-1100" rotation="180" length="100" width="7.8740157480315" flipped="False">
      <text name="pinname" originx="230" originy="-1100" style="Default" rotation="0" justify="left" flipped="False" hidden="False" data="VSS_1" />
      <text name="pindes" originx="140" originy="-1080" style="Default" rotation="0" justify="lowerright" flipped="False" hidden="False" data="12" />
    </sympin>
    <sympin number="13" originx="200" originy="-1200" rotation="180" length="100" width="7.8740157480315" flipped="False">
      <text name="pinname" originx="230" originy="-1200" style="Default" rotation="0" justify="left" flipped="False" hidden="False" data="OSC1/CLKI" />
      <text name="pindes" originx="140" originy="-1180" style="Default" rotation="0" justify="lowerright" flipped="False" hidden="False" data="13" />
    </sympin>
    <sympin number="14" originx="200" originy="-1300" rotation="180" length="100" width="7.8740157480315" flipped="False">
      <text name="pinname" originx="230" originy="-1300" style="Default" rotation="0" justify="left" flipped="False" hidden="False" data="OSC2/CLKO/RC15" />
      <text name="pindes" originx="140" originy="-1280" style="Default" rotation="0" justify="lowerright" flipped="False" hidden="False" data="14" />
    </sympin>
    <sympin number="15" originx="200" originy="-1400" rotation="180" length="100" width="7.8740157480315" flipped="False">
      <text name="pinname" originx="230" originy="-1400" style="Default" rotation="0" justify="left" flipped="False" hidden="False" data="EMUD1/SOSCI/T2CK/U1ATX/CN1/RC13" />
      <text name="pindes" originx="140" originy="-1380" style="Default" rotation="0" justify="lowerright" flipped="False" hidden="False" data="15" />
    </sympin>
    <sympin number="16" originx="200" originy="-1500" rotation="180" length="100" width="7.8740157480315" flipped="False">
      <text name="pinname" originx="230" originy="-1500" style="Default" rotation="0" justify="left" flipped="False" hidden="False" data="EMUC1/SOSCO/T1CK/U1ARX/CN0/RC14" />
      <text name="pindes" originx="140" originy="-1480" style="Default" rotation="0" justify="lowerright" flipped="False" hidden="False" data="16" />
    </sympin>
    <sympin number="17" originx="200" originy="-1600" rotation="180" length="100" width="7.8740157480315" flipped="False">
      <text name="pinname" originx="230" originy="-1600" style="Default" rotation="0" justify="left" flipped="False" hidden="False" data="\FLTA\/INT0/RE8" />
      <text name="pindes" originx="140" originy="-1580" style="Default" rotation="0" justify="lowerright" flipped="False" hidden="False" data="17" />
    </sympin>
    <sympin number="18" originx="200" originy="-1700" rotation="180" length="100" width="7.8740157480315" flipped="False">
      <text name="pinname" originx="230" originy="-1700" style="Default" rotation="0" justify="left" flipped="False" hidden="False" data="EMUD2/OC2/IC2/INT2/RD1" />
      <text name="pindes" originx="140" originy="-1680" style="Default" rotation="0" justify="lowerright" flipped="False" hidden="False" data="18" />
    </sympin>
    <sympin number="19" originx="200" originy="-1800" rotation="180" length="100" width="7.8740157480315" flipped="False">
      <text name="pinname" originx="230" originy="-1800" style="Default" rotation="0" justify="left" flipped="False" hidden="False" data="OC4/RD3" />
      <text name="pindes" originx="140" originy="-1780" style="Default" rotation="0" justify="lowerright" flipped="False" hidden="False" data="19" />
    </sympin>
    <sympin number="20" originx="200" originy="-1900" rotation="180" length="100" width="7.8740157480315" flipped="False">
      <text name="pinname" originx="230" originy="-1900" style="Default" rotation="0" justify="left" flipped="False" hidden="False" data="VSS_2" />
      <text name="pindes" originx="140" originy="-1880" style="Default" rotation="0" justify="lowerright" flipped="False" hidden="False" data="20" />
    </sympin>
    <sympin number="40" originx="3400" originy="0" rotation="0" length="100" width="7.8740157480315" flipped="False">
      <text name="pinname" originx="3370" originy="0" style="Default" rotation="0" justify="right" flipped="False" hidden="False" data="AVDD" />
      <text name="pindes" originx="3460" originy="20" style="Default" rotation="0" justify="lowerleft" flipped="False" hidden="False" data="40" />
    </sympin>
    <sympin number="39" originx="3400" originy="-100" rotation="0" length="100" width="7.8740157480315" flipped="False">
      <text name="pinname" originx="3370" originy="-100" style="Default" rotation="0" justify="right" flipped="False" hidden="False" data="AVSS" />
      <text name="pindes" originx="3460" originy="-80" style="Default" rotation="0" justify="lowerleft" flipped="False" hidden="False" data="39" />
    </sympin>
    <sympin number="38" originx="3400" originy="-200" rotation="0" length="100" width="7.8740157480315" flipped="False">
      <text name="pinname" originx="3370" originy="-200" style="Default" rotation="0" justify="right" flipped="False" hidden="False" data="PWM1L/RE0" />
      <text name="pindes" originx="3460" originy="-180" style="Default" rotation="0" justify="lowerleft" flipped="False" hidden="False" data="38" />
    </sympin>
    <sympin number="37" originx="3400" originy="-300" rotation="0" length="100" width="7.8740157480315" flipped="False">
      <text name="pinname" originx="3370" originy="-300" style="Default" rotation="0" justify="right" flipped="False" hidden="False" data="PWM1H/RE1" />
      <text name="pindes" originx="3460" originy="-280" style="Default" rotation="0" justify="lowerleft" flipped="False" hidden="False" data="37" />
    </sympin>
    <sympin number="36" originx="3400" originy="-400" rotation="0" length="100" width="7.8740157480315" flipped="False">
      <text name="pinname" originx="3370" originy="-400" style="Default" rotation="0" justify="right" flipped="False" hidden="False" data="PWM2L/RE2" />
      <text name="pindes" originx="3460" originy="-380" style="Default" rotation="0" justify="lowerleft" flipped="False" hidden="False" data="36" />
    </sympin>
    <sympin number="35" originx="3400" originy="-500" rotation="0" length="100" width="7.8740157480315" flipped="False">
      <text name="pinname" originx="3370" originy="-500" style="Default" rotation="0" justify="right" flipped="False" hidden="False" data="PWM2H/RE3" />
      <text name="pindes" originx="3460" originy="-480" style="Default" rotation="0" justify="lowerleft" flipped="False" hidden="False" data="35" />
    </sympin>
    <sympin number="34" originx="3400" originy="-600" rotation="0" length="100" width="7.8740157480315" flipped="False">
      <text name="pinname" originx="3370" originy="-600" style="Default" rotation="0" justify="right" flipped="False" hidden="False" data="PWM3L/RE4" />
      <text name="pindes" originx="3460" originy="-580" style="Default" rotation="0" justify="lowerleft" flipped="False" hidden="False" data="34" />
    </sympin>
    <sympin number="33" originx="3400" originy="-700" rotation="0" length="100" width="7.8740157480315" flipped="False">
      <text name="pinname" originx="3370" originy="-700" style="Default" rotation="0" justify="right" flipped="False" hidden="False" data="PWM3H/RE5" />
      <text name="pindes" originx="3460" originy="-680" style="Default" rotation="0" justify="lowerleft" flipped="False" hidden="False" data="33" />
    </sympin>
    <sympin number="32" originx="3400" originy="-800" rotation="0" length="100" width="7.8740157480315" flipped="False">
      <text name="pinname" originx="3370" originy="-800" style="Default" rotation="0" justify="right" flipped="False" hidden="False" data="VDD_3" />
      <text name="pindes" originx="3460" originy="-780" style="Default" rotation="0" justify="lowerleft" flipped="False" hidden="False" data="32" />
    </sympin>
    <sympin number="31" originx="3400" originy="-900" rotation="0" length="100" width="7.8740157480315" flipped="False">
      <text name="pinname" originx="3370" originy="-900" style="Default" rotation="0" justify="right" flipped="False" hidden="False" data="VSS_3" />
      <text name="pindes" originx="3460" originy="-880" style="Default" rotation="0" justify="lowerleft" flipped="False" hidden="False" data="31" />
    </sympin>
    <sympin number="30" originx="3400" originy="-1000" rotation="0" length="100" width="7.8740157480315" flipped="False">
      <text name="pinname" originx="3370" originy="-1000" style="Default" rotation="0" justify="right" flipped="False" hidden="False" data="C1RX/RF0" />
      <text name="pindes" originx="3460" originy="-980" style="Default" rotation="0" justify="lowerleft" flipped="False" hidden="False" data="30" />
    </sympin>
    <sympin number="29" originx="3400" originy="-1100" rotation="0" length="100" width="7.8740157480315" flipped="False">
      <text name="pinname" originx="3370" originy="-1100" style="Default" rotation="0" justify="right" flipped="False" hidden="False" data="C1TX/RF1" />
      <text name="pindes" originx="3460" originy="-1080" style="Default" rotation="0" justify="lowerleft" flipped="False" hidden="False" data="29" />
    </sympin>
    <sympin number="28" originx="3400" originy="-1200" rotation="0" length="100" width="7.8740157480315" flipped="False">
      <text name="pinname" originx="3370" originy="-1200" style="Default" rotation="0" justify="right" flipped="False" hidden="False" data="U2RX/CN17/RF4" />
      <text name="pindes" originx="3460" originy="-1180" style="Default" rotation="0" justify="lowerleft" flipped="False" hidden="False" data="28" />
    </sympin>
    <sympin number="27" originx="3400" originy="-1300" rotation="0" length="100" width="7.8740157480315" flipped="False">
      <text name="pinname" originx="3370" originy="-1300" style="Default" rotation="0" justify="right" flipped="False" hidden="False" data="U2TX/CN18/RF5" />
      <text name="pindes" originx="3460" originy="-1280" style="Default" rotation="0" justify="lowerleft" flipped="False" hidden="False" data="27" />
    </sympin>
    <sympin number="26" originx="3400" originy="-1400" rotation="0" length="100" width="7.8740157480315" flipped="False">
      <text name="pinname" originx="3370" originy="-1400" style="Default" rotation="0" justify="right" flipped="False" hidden="False" data="PGC/EMUC/U1RX/SDI1/SDA/RF2" />
      <text name="pindes" originx="3460" originy="-1380" style="Default" rotation="0" justify="lowerleft" flipped="False" hidden="False" data="26" />
    </sympin>
    <sympin number="25" originx="3400" originy="-1500" rotation="0" length="100" width="7.8740157480315" flipped="False">
      <text name="pinname" originx="3370" originy="-1500" style="Default" rotation="0" justify="right" flipped="False" hidden="False" data="PGD/EMUD/U1TX/SDO1/SCL/RF3" />
      <text name="pindes" originx="3460" originy="-1480" style="Default" rotation="0" justify="lowerleft" flipped="False" hidden="False" data="25" />
    </sympin>
    <sympin number="24" originx="3400" originy="-1600" rotation="0" length="100" width="7.8740157480315" flipped="False">
      <text name="pinname" originx="3370" originy="-1600" style="Default" rotation="0" justify="right" flipped="False" hidden="False" data="SCK1/RF6" />
      <text name="pindes" originx="3460" originy="-1580" style="Default" rotation="0" justify="lowerleft" flipped="False" hidden="False" data="24" />
    </sympin>
    <sympin number="23" originx="3400" originy="-1700" rotation="0" length="100" width="7.8740157480315" flipped="False">
      <text name="pinname" originx="3370" originy="-1700" style="Default" rotation="0" justify="right" flipped="False" hidden="False" data="EMUC2/OC1/IC1/INT1/RD0" />
      <text name="pindes" originx="3460" originy="-1680" style="Default" rotation="0" justify="lowerleft" flipped="False" hidden="False" data="23" />
    </sympin>
    <sympin number="22" originx="3400" originy="-1800" rotation="0" length="100" width="7.8740157480315" flipped="False">
      <text name="pinname" originx="3370" originy="-1800" style="Default" rotation="0" justify="right" flipped="False" hidden="False" data="OC3/RD2" />
      <text name="pindes" originx="3460" originy="-1780" style="Default" rotation="0" justify="lowerleft" flipped="False" hidden="False" data="22" />
    </sympin>
    <sympin number="21" originx="3400" originy="-1900" rotation="0" length="100" width="7.8740157480315" flipped="False">
      <text name="pinname" originx="3370" originy="-1900" style="Default" rotation="0" justify="right" flipped="False" hidden="False" data="VDD_2" />
      <text name="pindes" originx="3460" originy="-1880" style="Default" rotation="0" justify="lowerleft" flipped="False" hidden="False" data="21" />
    </sympin>
  </symbol>
  <component name="DSPIC30F4011-30I_P" designatorprefix="IC" height="250" footprint="DIP1543W58P254L5175H635Q40N">
    <comppin designator="1" sympin="1" pinswap="0" gateswap="0" gate="1" group="1" side="" type="Any" name="|MCLR" />
    <comppin designator="2" sympin="2" pinswap="0" gateswap="0" gate="1" group="1" side="" type="Any" name="EMUD3/AN0/VREF+/CN2/RB0" />
    <comppin designator="3" sympin="3" pinswap="0" gateswap="0" gate="1" group="1" side="" type="Any" name="EMUC3/AN1/VREF-/CN3/RB1" />
    <comppin designator="4" sympin="4" pinswap="0" gateswap="0" gate="1" group="1" side="" type="Any" name="AN2/|SS1|/CN4/RB2" />
    <comppin designator="5" sympin="5" pinswap="0" gateswap="0" gate="1" group="1" side="" type="Any" name="AN3/INDX/CN5/RB3" />
    <comppin designator="6" sympin="6" pinswap="0" gateswap="0" gate="1" group="1" side="" type="Any" name="AN4/QEA/IC7/CN6/RB4" />
    <comppin designator="7" sympin="7" pinswap="0" gateswap="0" gate="1" group="1" side="" type="Any" name="AN5/QEB/IC8/CN7/RB5" />
    <comppin designator="8" sympin="8" pinswap="0" gateswap="0" gate="1" group="1" side="" type="Any" name="AN6/OCFA/RB6" />
    <comppin designator="9" sympin="9" pinswap="0" gateswap="0" gate="1" group="1" side="" type="Any" name="AN7/RB7" />
    <comppin designator="10" sympin="10" pinswap="0" gateswap="0" gate="1" group="1" side="" type="Any" name="AN8/RB8" />
    <comppin designator="11" sympin="11" pinswap="0" gateswap="0" gate="1" group="1" side="" type="Any" name="VDD_1" />
    <comppin designator="12" sympin="12" pinswap="0" gateswap="0" gate="1" group="1" side="" type="Any" name="VSS_1" />
    <comppin designator="13" sympin="13" pinswap="0" gateswap="0" gate="1" group="1" side="" type="Any" name="OSC1/CLKI" />
    <comppin designator="14" sympin="14" pinswap="0" gateswap="0" gate="1" group="1" side="" type="Any" name="OSC2/CLKO/RC15" />
    <comppin designator="15" sympin="15" pinswap="0" gateswap="0" gate="1" group="1" side="" type="Any" name="EMUD1/SOSCI/T2CK/U1ATX/CN1/RC13" />
    <comppin designator="16" sympin="16" pinswap="0" gateswap="0" gate="1" group="1" side="" type="Any" name="EMUC1/SOSCO/T1CK/U1ARX/CN0/RC14" />
    <comppin designator="17" sympin="17" pinswap="0" gateswap="0" gate="1" group="1" side="" type="Any" name="|FLTA|/INT0/RE8" />
    <comppin designator="18" sympin="18" pinswap="0" gateswap="0" gate="1" group="1" side="" type="Any" name="EMUD2/OC2/IC2/INT2/RD1" />
    <comppin designator="19" sympin="19" pinswap="0" gateswap="0" gate="1" group="1" side="" type="Any" name="OC4/RD3" />
    <comppin designator="20" sympin="20" pinswap="0" gateswap="0" gate="1" group="1" side="" type="Any" name="VSS_2" />
    <comppin designator="21" sympin="21" pinswap="0" gateswap="0" gate="1" group="1" side="" type="Any" name="VDD_2" />
    <comppin designator="22" sympin="22" pinswap="0" gateswap="0" gate="1" group="1" side="" type="Any" name="OC3/RD2" />
    <comppin designator="23" sympin="23" pinswap="0" gateswap="0" gate="1" group="1" side="" type="Any" name="EMUC2/OC1/IC1/INT1/RD0" />
    <comppin designator="24" sympin="24" pinswap="0" gateswap="0" gate="1" group="1" side="" type="Any" name="SCK1/RF6" />
    <comppin designator="25" sympin="25" pinswap="0" gateswap="0" gate="1" group="1" side="" type="Any" name="PGD/EMUD/U1TX/SDO1/SCL/RF3" />
    <comppin designator="26" sympin="26" pinswap="0" gateswap="0" gate="1" group="1" side="" type="Any" name="PGC/EMUC/U1RX/SDI1/SDA/RF2" />
    <comppin designator="27" sympin="27" pinswap="0" gateswap="0" gate="1" group="1" side="" type="Any" name="U2TX/CN18/RF5" />
    <comppin designator="28" sympin="28" pinswap="0" gateswap="0" gate="1" group="1" side="" type="Any" name="U2RX/CN17/RF4" />
    <comppin designator="29" sympin="29" pinswap="0" gateswap="0" gate="1" group="1" side="" type="Any" name="C1TX/RF1" />
    <comppin designator="30" sympin="30" pinswap="0" gateswap="0" gate="1" group="1" side="" type="Any" name="C1RX/RF0" />
    <comppin designator="31" sympin="31" pinswap="0" gateswap="0" gate="1" group="1" side="" type="Any" name="VSS_3" />
    <comppin designator="32" sympin="32" pinswap="0" gateswap="0" gate="1" group="1" side="" type="Any" name="VDD_3" />
    <comppin designator="33" sympin="33" pinswap="0" gateswap="0" gate="1" group="1" side="" type="Any" name="PWM3H/RE5" />
    <comppin designator="34" sympin="34" pinswap="0" gateswap="0" gate="1" group="1" side="" type="Any" name="PWM3L/RE4" />
    <comppin designator="35" sympin="35" pinswap="0" gateswap="0" gate="1" group="1" side="" type="Any" name="PWM2H/RE3" />
    <comppin designator="36" sympin="36" pinswap="0" gateswap="0" gate="1" group="1" side="" type="Any" name="PWM2L/RE2" />
    <comppin designator="37" sympin="37" pinswap="0" gateswap="0" gate="1" group="1" side="" type="Any" name="PWM1H/RE1" />
    <comppin designator="38" sympin="38" pinswap="0" gateswap="0" gate="1" group="1" side="" type="Any" name="PWM1L/RE0" />
    <comppin designator="39" sympin="39" pinswap="0" gateswap="0" gate="1" group="1" side="" type="Any" name="AVSS" />
    <comppin designator="40" sympin="40" pinswap="0" gateswap="0" gate="1" group="1" side="" type="Any" name="AVDD" />
    <attached_symbol gate="1" name="DSPIC30F4011-30I_P" />
    <pinmap designator="1" footprintpin="1" />
    <pinmap designator="2" footprintpin="2" />
    <pinmap designator="3" footprintpin="3" />
    <pinmap designator="4" footprintpin="4" />
    <pinmap designator="5" footprintpin="5" />
    <pinmap designator="6" footprintpin="6" />
    <pinmap designator="7" footprintpin="7" />
    <pinmap designator="8" footprintpin="8" />
    <pinmap designator="9" footprintpin="9" />
    <pinmap designator="10" footprintpin="10" />
    <pinmap designator="11" footprintpin="11" />
    <pinmap designator="12" footprintpin="12" />
    <pinmap designator="13" footprintpin="13" />
    <pinmap designator="14" footprintpin="14" />
    <pinmap designator="15" footprintpin="15" />
    <pinmap designator="16" footprintpin="16" />
    <pinmap designator="17" footprintpin="17" />
    <pinmap designator="18" footprintpin="18" />
    <pinmap designator="19" footprintpin="19" />
    <pinmap designator="20" footprintpin="20" />
    <pinmap designator="21" footprintpin="21" />
    <pinmap designator="22" footprintpin="22" />
    <pinmap designator="23" footprintpin="23" />
    <pinmap designator="24" footprintpin="24" />
    <pinmap designator="25" footprintpin="25" />
    <pinmap designator="26" footprintpin="26" />
    <pinmap designator="27" footprintpin="27" />
    <pinmap designator="28" footprintpin="28" />
    <pinmap designator="29" footprintpin="29" />
    <pinmap designator="30" footprintpin="30" />
    <pinmap designator="31" footprintpin="31" />
    <pinmap designator="32" footprintpin="32" />
    <pinmap designator="33" footprintpin="33" />
    <pinmap designator="34" footprintpin="34" />
    <pinmap designator="35" footprintpin="35" />
    <pinmap designator="36" footprintpin="36" />
    <pinmap designator="37" footprintpin="37" />
    <pinmap designator="38" footprintpin="38" />
    <pinmap designator="39" footprintpin="39" />
    <pinmap designator="40" footprintpin="40" />
    <text name="Datasheet" originx="0" originy="0" style="Default" rotation="0" justify="" flipped="False" hidden="True" data="https://componentsearchengine.com/Datasheets/5/DSPIC30F4011-30I_P.pdf" />
    <text name="Description" originx="0" originy="0" style="Default" rotation="0" justify="" flipped="False" hidden="True" data="Digital Signal Controllers" />
    <text name="Manufacturer_Name" originx="0" originy="0" style="Default" rotation="0" justify="" flipped="False" hidden="True" data="Microchip" />
    <text name="Manufacturer_Part_Number" originx="3450" originy="200" style="Default" rotation="0" justify="left" flipped="False" hidden="False" data="DSPIC30F4011-30I/P" />
    <text name="Mouser Part Number" originx="0" originy="0" style="Default" rotation="0" justify="" flipped="False" hidden="True" data="579-30F4011-30I/P" />
    <text name="Mouser Price/Stock" originx="0" originy="0" style="Default" rotation="0" justify="" flipped="False" hidden="True" data="https://www.mouser.co.uk/ProductDetail/Microchip-Technology/dsPIC30F4011-30I-P?qs=nMCt4TBfEwpnzUUd8LIZNg%3D%3D" />
    <text name="Arrow Part Number" originx="0" originy="0" style="Default" rotation="0" justify="" flipped="False" hidden="True" data="dsPIC30F4011-30I/P" />
    <text name="Arrow Price/Stock" originx="0" originy="0" style="Default" rotation="0" justify="" flipped="False" hidden="True" data="https://www.arrow.com/en/products/dspic30f4011-30ip/microchip-technology" />
  </component>
</quadcept_library>
